image_path,label_str,label,dataset_id,split
good/good (409).jpg,good,0,D1,
good/good (235).jpg,good,0,D1,
good/good (665).jpg,good,0,D1,
good/good (370).jpg,good,0,D1,
good/good (720).jpg,good,0,D1,
good/good (632).jpg,good,0,D1,
good/good (798).jpg,good,0,D1,
good/good (262).jpg,good,0,D1,
good/good (777).jpg,good,0,D1,
good/good (327).jpg,good,0,D1,
good/good (448).jpg,good,0,D1,
good/good (274).jpg,good,0,D1,
good/good (624).jpg,good,0,D1,
good/good (331).jpg,good,0,D1,
good/good (761).jpg,good,0,D1,
good/good (809).jpg,good,0,D1,
good/good (389).jpg,good,0,D1,
good/good (673).jpg,good,0,D1,
good/good (223).jpg,good,0,D1,
good/good (736).jpg,good,0,D1,
good/good (366).jpg,good,0,D1,
good/good (171).jpg,good,0,D1,
good/good (521).jpg,good,0,D1,
good/good (464).jpg,good,0,D1,
good/good (26).jpg,good,0,D1,
good/good (608).jpg,good,0,D1,
good/good (258).jpg,good,0,D1,
good/good (825).jpg,good,0,D1,
good/good (576).jpg,good,0,D1,
good/good (126).jpg,good,0,D1,
good/good (433).jpg,good,0,D1,
good/good (599).jpg,good,0,D1,
good/good (71).jpg,good,0,D1,
good/good (130).jpg,good,0,D1,
good/good (560).jpg,good,0,D1,
good/good (425).jpg,good,0,D1,
good/good (67).jpg,good,0,D1,
good/good (649).jpg,good,0,D1,
good/good (219).jpg,good,0,D1,
good/good (88).jpg,good,0,D1,
good/good (537).jpg,good,0,D1,
good/good (167).jpg,good,0,D1,
good/good (188).jpg,good,0,D1,
good/good (7).jpg,good,0,D1,
good/good (472).jpg,good,0,D1,
good/good (30).jpg,good,0,D1,
good/good (393).jpg,good,0,D1,
good/good (669).jpg,good,0,D1,
good/good (239).jpg,good,0,D1,
good/good (47).jpg,good,0,D1,
good/good (686).jpg,good,0,D1,
good/good (405).jpg,good,0,D1,
good/good (110).jpg,good,0,D1,
good/good (540).jpg,good,0,D1,
good/good (813).jpg,good,0,D1,
good/good (794).jpg,good,0,D1,
good/good (281).jpg,good,0,D1,
good/good (10).jpg,good,0,D1,
good/good (452).jpg,good,0,D1,
good/good (517).jpg,good,0,D1,
good/good (147).jpg,good,0,D1,
good/good (628).jpg,good,0,D1,
good/good (782).jpg,good,0,D1,
good/good (278).jpg,good,0,D1,
good/good (297).jpg,good,0,D1,
good/good (444).jpg,good,0,D1,
good/good (151).jpg,good,0,D1,
good/good (501).jpg,good,0,D1,
good/good (385).jpg,good,0,D1,
good/good (690).jpg,good,0,D1,
good/good (51).jpg,good,0,D1,
good/good (413).jpg,good,0,D1,
good/good (805).jpg,good,0,D1,
good/good (556).jpg,good,0,D1,
good/good (106).jpg,good,0,D1,
good/good (311).jpg,good,0,D1,
good/good (741).jpg,good,0,D1,
good/good (254).jpg,good,0,D1,
good/good (604).jpg,good,0,D1,
good/good (487).jpg,good,0,D1,
good/good (192).jpg,good,0,D1,
good/good (468).jpg,good,0,D1,
good/good (716).jpg,good,0,D1,
good/good (346).jpg,good,0,D1,
good/good (653).jpg,good,0,D1,
good/good (203).jpg,good,0,D1,
good/good (92).jpg,good,0,D1,
good/good (829).jpg,good,0,D1,
good/good (595).jpg,good,0,D1,
good/good (350).jpg,good,0,D1,
good/good (700).jpg,good,0,D1,
good/good (84).jpg,good,0,D1,
good/good (215).jpg,good,0,D1,
good/good (645).jpg,good,0,D1,
good/good (429).jpg,good,0,D1,
good/good (583).jpg,good,0,D1,
good/good (757).jpg,good,0,D1,
good/good (307).jpg,good,0,D1,
good/good (612).jpg,good,0,D1,
good/good (242).jpg,good,0,D1,
good/good (491).jpg,good,0,D1,
good/good (184).jpg,good,0,D1,
good/good (490).jpg,good,0,D1,
good/good (185).jpg,good,0,D1,
good/good (756).jpg,good,0,D1,
good/good (306).jpg,good,0,D1,
good/good (613).jpg,good,0,D1,
good/good (243).jpg,good,0,D1,
good/good (428).jpg,good,0,D1,
good/good (582).jpg,good,0,D1,
good/good (351).jpg,good,0,D1,
good/good (701).jpg,good,0,D1,
good/good (85).jpg,good,0,D1,
good/good (214).jpg,good,0,D1,
good/good (644).jpg,good,0,D1,
good/good (828).jpg,good,0,D1,
good/good (594).jpg,good,0,D1,
good/good (717).jpg,good,0,D1,
good/good (347).jpg,good,0,D1,
good/good (652).jpg,good,0,D1,
good/good (202).jpg,good,0,D1,
good/good (93).jpg,good,0,D1,
good/good (486).jpg,good,0,D1,
good/good (193).jpg,good,0,D1,
good/good (469).jpg,good,0,D1,
good/good (310).jpg,good,0,D1,
good/good (740).jpg,good,0,D1,
good/good (255).jpg,good,0,D1,
good/good (605).jpg,good,0,D1,
good/good (412).jpg,good,0,D1,
good/good (804).jpg,good,0,D1,
good/good (557).jpg,good,0,D1,
good/good (107).jpg,good,0,D1,
good/good (384).jpg,good,0,D1,
good/good (691).jpg,good,0,D1,
good/good (50).jpg,good,0,D1,
good/good (445).jpg,good,0,D1,
good/good (150).jpg,good,0,D1,
good/good (500).jpg,good,0,D1,
good/good (629).jpg,good,0,D1,
good/good (783).jpg,good,0,D1,
good/good (279).jpg,good,0,D1,
good/good (296).jpg,good,0,D1,
good/good (453).jpg,good,0,D1,
good/good (516).jpg,good,0,D1,
good/good (146).jpg,good,0,D1,
good/good (795).jpg,good,0,D1,
good/good (280).jpg,good,0,D1,
good/good (11).jpg,good,0,D1,
good/good (404).jpg,good,0,D1,
good/good (111).jpg,good,0,D1,
good/good (541).jpg,good,0,D1,
good/good (812).jpg,good,0,D1,
good/good (392).jpg,good,0,D1,
good/good (668).jpg,good,0,D1,
good/good (238).jpg,good,0,D1,
good/good (46).jpg,good,0,D1,
good/good (687).jpg,good,0,D1,
good/good (31).jpg,good,0,D1,
good/good (536).jpg,good,0,D1,
good/good (166).jpg,good,0,D1,
good/good (6).jpg,good,0,D1,
good/good (189).jpg,good,0,D1,
good/good (473).jpg,good,0,D1,
good/good (66).jpg,good,0,D1,
good/good (648).jpg,good,0,D1,
good/good (218).jpg,good,0,D1,
good/good (89).jpg,good,0,D1,
good/good (131).jpg,good,0,D1,
good/good (561).jpg,good,0,D1,
good/good (832).jpg,good,0,D1,
good/good (424).jpg,good,0,D1,
good/good (70).jpg,good,0,D1,
good/good (824).jpg,good,0,D1,
good/good (577).jpg,good,0,D1,
good/good (127).jpg,good,0,D1,
good/good (432).jpg,good,0,D1,
good/good (598).jpg,good,0,D1,
good/good (27).jpg,good,0,D1,
good/good (609).jpg,good,0,D1,
good/good (259).jpg,good,0,D1,
good/good (170).jpg,good,0,D1,
good/good (520).jpg,good,0,D1,
good/good (465).jpg,good,0,D1,
good/good (388).jpg,good,0,D1,
good/good (672).jpg,good,0,D1,
good/good (222).jpg,good,0,D1,
good/good (737).jpg,good,0,D1,
good/good (367).jpg,good,0,D1,
good/good (808).jpg,good,0,D1,
good/good (275).jpg,good,0,D1,
good/good (625).jpg,good,0,D1,
good/good (330).jpg,good,0,D1,
good/good (760).jpg,good,0,D1,
good/good (449).jpg,good,0,D1,
good/good (633).jpg,good,0,D1,
good/good (799).jpg,good,0,D1,
good/good (263).jpg,good,0,D1,
good/good (776).jpg,good,0,D1,
good/good (326).jpg,good,0,D1,
good/good (234).jpg,good,0,D1,
good/good (664).jpg,good,0,D1,
good/good (371).jpg,good,0,D1,
good/good (721).jpg,good,0,D1,
good/good (408).jpg,good,0,D1,
good/good (395).jpg,good,0,D1,
good/good (680).jpg,good,0,D1,
good/good (41).jpg,good,0,D1,
good/good (403).jpg,good,0,D1,
good/good (815).jpg,good,0,D1,
good/good (116).jpg,good,0,D1,
good/good (546).jpg,good,0,D1,
good/good (792).jpg,good,0,D1,
good/good (268).jpg,good,0,D1,
good/good (638).jpg,good,0,D1,
good/good (16).jpg,good,0,D1,
good/good (287).jpg,good,0,D1,
good/good (454).jpg,good,0,D1,
good/good (511).jpg,good,0,D1,
good/good (141).jpg,good,0,D1,
good/good (784).jpg,good,0,D1,
good/good (291).jpg,good,0,D1,
good/good (442).jpg,good,0,D1,
good/good (157).jpg,good,0,D1,
good/good (507).jpg,good,0,D1,
good/good (229).jpg,good,0,D1,
good/good (383).jpg,good,0,D1,
good/good (679).jpg,good,0,D1,
good/good (57).jpg,good,0,D1,
good/good (696).jpg,good,0,D1,
good/good (415).jpg,good,0,D1,
good/good (550).jpg,good,0,D1,
good/good (100).jpg,good,0,D1,
good/good (803).jpg,good,0,D1,
good/good (317).jpg,good,0,D1,
good/good (747).jpg,good,0,D1,
good/good (252).jpg,good,0,D1,
good/good (602).jpg,good,0,D1,
good/good (481).jpg,good,0,D1,
good/good (194).jpg,good,0,D1,
good/good (710).jpg,good,0,D1,
good/good (340).jpg,good,0,D1,
good/good (94).jpg,good,0,D1,
good/good (655).jpg,good,0,D1,
good/good (205).jpg,good,0,D1,
good/good (593).jpg,good,0,D1,
good/good (439).jpg,good,0,D1,
good/good (356).jpg,good,0,D1,
good/good (706).jpg,good,0,D1,
good/good (213).jpg,good,0,D1,
good/good (643).jpg,good,0,D1,
good/good (82).jpg,good,0,D1,
good/good (585).jpg,good,0,D1,
good/good (751).jpg,good,0,D1,
good/good (301).jpg,good,0,D1,
good/good (614).jpg,good,0,D1,
good/good (244).jpg,good,0,D1,
good/good (497).jpg,good,0,D1,
good/good (182).jpg,good,0,D1,
good/good (478).jpg,good,0,D1,
good/good (819).jpg,good,0,D1,
good/good (233).jpg,good,0,D1,
good/good (399).jpg,good,0,D1,
good/good (663).jpg,good,0,D1,
good/good (376).jpg,good,0,D1,
good/good (726).jpg,good,0,D1,
good/good (458).jpg,good,0,D1,
good/good (634).jpg,good,0,D1,
good/good (264).jpg,good,0,D1,
good/good (771).jpg,good,0,D1,
good/good (321).jpg,good,0,D1,
good/good (788).jpg,good,0,D1,
good/good (272).jpg,good,0,D1,
good/good (622).jpg,good,0,D1,
good/good (337).jpg,good,0,D1,
good/good (767).jpg,good,0,D1,
good/good (419).jpg,good,0,D1,
good/good (675).jpg,good,0,D1,
good/good (225).jpg,good,0,D1,
good/good (730).jpg,good,0,D1,
good/good (360).jpg,good,0,D1,
good/good (177).jpg,good,0,D1,
good/good (527).jpg,good,0,D1,
good/good (198).jpg,good,0,D1,
good/good (462).jpg,good,0,D1,
good/good (20).jpg,good,0,D1,
good/good (570).jpg,good,0,D1,
good/good (120).jpg,good,0,D1,
good/good (823).jpg,good,0,D1,
good/good (435).jpg,good,0,D1,
good/good (77).jpg,good,0,D1,
good/good (209).jpg,good,0,D1,
good/good (659).jpg,good,0,D1,
good/good (98).jpg,good,0,D1,
good/good (136).jpg,good,0,D1,
good/good (566).jpg,good,0,D1,
good/good (589).jpg,good,0,D1,
good/good (423).jpg,good,0,D1,
good/good (61).jpg,good,0,D1,
good/good (531).jpg,good,0,D1,
good/good (161).jpg,good,0,D1,
good/good (474).jpg,good,0,D1,
good/good (1).jpg,good,0,D1,
good/good (36).jpg,good,0,D1,
good/good (248).jpg,good,0,D1,
good/good (618).jpg,good,0,D1,
good/good (37).jpg,good,0,D1,
good/good (249).jpg,good,0,D1,
good/good (619).jpg,good,0,D1,
good/good (530).jpg,good,0,D1,
good/good (160).jpg,good,0,D1,
good/good (475).jpg,good,0,D1,
good/good (60).jpg,good,0,D1,
good/good (137).jpg,good,0,D1,
good/good (567).jpg,good,0,D1,
good/good (588).jpg,good,0,D1,
good/good (422).jpg,good,0,D1,
good/good (76).jpg,good,0,D1,
good/good (208).jpg,good,0,D1,
good/good (658).jpg,good,0,D1,
good/good (99).jpg,good,0,D1,
good/good (571).jpg,good,0,D1,
good/good (121).jpg,good,0,D1,
good/good (822).jpg,good,0,D1,
good/good (434).jpg,good,0,D1,
good/good (21).jpg,good,0,D1,
good/good (176).jpg,good,0,D1,
good/good (526).jpg,good,0,D1,
good/good (199).jpg,good,0,D1,
good/good (463).jpg,good,0,D1,
good/good (674).jpg,good,0,D1,
good/good (224).jpg,good,0,D1,
good/good (731).jpg,good,0,D1,
good/good (361).jpg,good,0,D1,
good/good (418).jpg,good,0,D1,
good/good (789).jpg,good,0,D1,
good/good (273).jpg,good,0,D1,
good/good (623).jpg,good,0,D1,
good/good (336).jpg,good,0,D1,
good/good (766).jpg,good,0,D1,
good/good (635).jpg,good,0,D1,
good/good (265).jpg,good,0,D1,
good/good (770).jpg,good,0,D1,
good/good (320).jpg,good,0,D1,
good/good (459).jpg,good,0,D1,
good/good (232).jpg,good,0,D1,
good/good (398).jpg,good,0,D1,
good/good (662).jpg,good,0,D1,
good/good (377).jpg,good,0,D1,
good/good (727).jpg,good,0,D1,
good/good (818).jpg,good,0,D1,
good/good (496).jpg,good,0,D1,
good/good (183).jpg,good,0,D1,
good/good (479).jpg,good,0,D1,
good/good (750).jpg,good,0,D1,
good/good (300).jpg,good,0,D1,
good/good (615).jpg,good,0,D1,
good/good (245).jpg,good,0,D1,
good/good (584).jpg,good,0,D1,
good/good (357).jpg,good,0,D1,
good/good (707).jpg,good,0,D1,
good/good (212).jpg,good,0,D1,
good/good (642).jpg,good,0,D1,
good/good (83).jpg,good,0,D1,
good/good (592).jpg,good,0,D1,
good/good (438).jpg,good,0,D1,
good/good (711).jpg,good,0,D1,
good/good (341).jpg,good,0,D1,
good/good (95).jpg,good,0,D1,
good/good (654).jpg,good,0,D1,
good/good (204).jpg,good,0,D1,
good/good (480).jpg,good,0,D1,
good/good (195).jpg,good,0,D1,
good/good (316).jpg,good,0,D1,
good/good (746).jpg,good,0,D1,
good/good (253).jpg,good,0,D1,
good/good (603).jpg,good,0,D1,
good/good (414).jpg,good,0,D1,
good/good (551).jpg,good,0,D1,
good/good (101).jpg,good,0,D1,
good/good (802).jpg,good,0,D1,
good/good (228).jpg,good,0,D1,
good/good (382).jpg,good,0,D1,
good/good (678).jpg,good,0,D1,
good/good (56).jpg,good,0,D1,
good/good (697).jpg,good,0,D1,
good/good (443).jpg,good,0,D1,
good/good (156).jpg,good,0,D1,
good/good (506).jpg,good,0,D1,
good/good (785).jpg,good,0,D1,
good/good (290).jpg,good,0,D1,
good/good (455).jpg,good,0,D1,
good/good (510).jpg,good,0,D1,
good/good (140).jpg,good,0,D1,
good/good (793).jpg,good,0,D1,
good/good (269).jpg,good,0,D1,
good/good (639).jpg,good,0,D1,
good/good (17).jpg,good,0,D1,
good/good (286).jpg,good,0,D1,
good/good (402).jpg,good,0,D1,
good/good (814).jpg,good,0,D1,
good/good (117).jpg,good,0,D1,
good/good (547).jpg,good,0,D1,
good/good (394).jpg,good,0,D1,
good/good (681).jpg,good,0,D1,
good/good (40).jpg,good,0,D1,
good/good (180).jpg,good,0,D1,
good/good (495).jpg,good,0,D1,
good/good (616).jpg,good,0,D1,
good/good (246).jpg,good,0,D1,
good/good (38).jpg,good,0,D1,
good/good (753).jpg,good,0,D1,
good/good (303).jpg,good,0,D1,
good/good (587).jpg,good,0,D1,
good/good (568).jpg,good,0,D1,
good/good (138).jpg,good,0,D1,
good/good (80).jpg,good,0,D1,
good/good (211).jpg,good,0,D1,
good/good (641).jpg,good,0,D1,
good/good (354).jpg,good,0,D1,
good/good (704).jpg,good,0,D1,
good/good (591).jpg,good,0,D1,
good/good (657).jpg,good,0,D1,
good/good (207).jpg,good,0,D1,
good/good (96).jpg,good,0,D1,
good/good (79).jpg,good,0,D1,
good/good (712).jpg,good,0,D1,
good/good (342).jpg,good,0,D1,
good/good (196).jpg,good,0,D1,
good/good (529).jpg,good,0,D1,
good/good (483).jpg,good,0,D1,
good/good (179).jpg,good,0,D1,
good/good (250).jpg,good,0,D1,
good/good (600).jpg,good,0,D1,
good/good (315).jpg,good,0,D1,
good/good (745).jpg,good,0,D1,
good/good (801).jpg,good,0,D1,
good/good (552).jpg,good,0,D1,
good/good (102).jpg,good,0,D1,
good/good (417).jpg,good,0,D1,
good/good (694).jpg,good,0,D1,
good/good (55).jpg,good,0,D1,
good/good (381).jpg,good,0,D1,
good/good (155).jpg,good,0,D1,
good/good (505).jpg,good,0,D1,
good/good (440).jpg,good,0,D1,
good/good (293).jpg,good,0,D1,
good/good (769).jpg,good,0,D1,
good/good (339).jpg,good,0,D1,
good/good (786).jpg,good,0,D1,
good/good (513).jpg,good,0,D1,
good/good (143).jpg,good,0,D1,
good/good (456).jpg,good,0,D1,
good/good (285).jpg,good,0,D1,
good/good (14).jpg,good,0,D1,
good/good (790).jpg,good,0,D1,
good/good (114).jpg,good,0,D1,
good/good (544).jpg,good,0,D1,
good/good (817).jpg,good,0,D1,
good/good (401).jpg,good,0,D1,
good/good (43).jpg,good,0,D1,
good/good (728).jpg,good,0,D1,
good/good (682).jpg,good,0,D1,
good/good (378).jpg,good,0,D1,
good/good (397).jpg,good,0,D1,
good/good (34).jpg,good,0,D1,
good/good (476).jpg,good,0,D1,
good/good (3).jpg,good,0,D1,
good/good (533).jpg,good,0,D1,
good/good (499).jpg,good,0,D1,
good/good (163).jpg,good,0,D1,
good/good (63).jpg,good,0,D1,
good/good (708).jpg,good,0,D1,
good/good (358).jpg,good,0,D1,
good/good (421).jpg,good,0,D1,
good/good (134).jpg,good,0,D1,
good/good (564).jpg,good,0,D1,
good/good (75).jpg,good,0,D1,
good/good (437).jpg,good,0,D1,
good/good (821).jpg,good,0,D1,
good/good (572).jpg,good,0,D1,
good/good (122).jpg,good,0,D1,
good/good (22).jpg,good,0,D1,
good/good (749).jpg,good,0,D1,
good/good (319).jpg,good,0,D1,
good/good (460).jpg,good,0,D1,
good/good (175).jpg,good,0,D1,
good/good (525).jpg,good,0,D1,
good/good (59).jpg,good,0,D1,
good/good (732).jpg,good,0,D1,
good/good (698).jpg,good,0,D1,
good/good (362).jpg,good,0,D1,
good/good (677).jpg,good,0,D1,
good/good (227).jpg,good,0,D1,
good/good (335).jpg,good,0,D1,
good/good (765).jpg,good,0,D1,
good/good (270).jpg,good,0,D1,
good/good (620).jpg,good,0,D1,
good/good (509).jpg,good,0,D1,
good/good (159).jpg,good,0,D1,
good/good (18).jpg,good,0,D1,
good/good (289).jpg,good,0,D1,
good/good (773).jpg,good,0,D1,
good/good (323).jpg,good,0,D1,
good/good (636).jpg,good,0,D1,
good/good (266).jpg,good,0,D1,
good/good (374).jpg,good,0,D1,
good/good (724).jpg,good,0,D1,
good/good (231).jpg,good,0,D1,
good/good (661).jpg,good,0,D1,
good/good (548).jpg,good,0,D1,
good/good (118).jpg,good,0,D1,
good/good (549).jpg,good,0,D1,
good/good (119).jpg,good,0,D1,
good/good (375).jpg,good,0,D1,
good/good (725).jpg,good,0,D1,
good/good (230).jpg,good,0,D1,
good/good (660).jpg,good,0,D1,
good/good (19).jpg,good,0,D1,
good/good (288).jpg,good,0,D1,
good/good (772).jpg,good,0,D1,
good/good (322).jpg,good,0,D1,
good/good (637).jpg,good,0,D1,
good/good (267).jpg,good,0,D1,
good/good (508).jpg,good,0,D1,
good/good (158).jpg,good,0,D1,
good/good (334).jpg,good,0,D1,
good/good (764).jpg,good,0,D1,
good/good (271).jpg,good,0,D1,
good/good (621).jpg,good,0,D1,
good/good (58).jpg,good,0,D1,
good/good (733).jpg,good,0,D1,
good/good (699).jpg,good,0,D1,
good/good (363).jpg,good,0,D1,
good/good (676).jpg,good,0,D1,
good/good (226).jpg,good,0,D1,
good/good (461).jpg,good,0,D1,
good/good (174).jpg,good,0,D1,
good/good (524).jpg,good,0,D1,
good/good (23).jpg,good,0,D1,
good/good (748).jpg,good,0,D1,
good/good (318).jpg,good,0,D1,
good/good (436).jpg,good,0,D1,
good/good (820).jpg,good,0,D1,
good/good (573).jpg,good,0,D1,
good/good (123).jpg,good,0,D1,
good/good (74).jpg,good,0,D1,
good/good (420).jpg,good,0,D1,
good/good (135).jpg,good,0,D1,
good/good (565).jpg,good,0,D1,
good/good (62).jpg,good,0,D1,
good/good (709).jpg,good,0,D1,
good/good (359).jpg,good,0,D1,
good/good (477).jpg,good,0,D1,
good/good (2).jpg,good,0,D1,
good/good (532).jpg,good,0,D1,
good/good (498).jpg,good,0,D1,
good/good (162).jpg,good,0,D1,
good/good (35).jpg,good,0,D1,
good/good (42).jpg,good,0,D1,
good/good (729).jpg,good,0,D1,
good/good (683).jpg,good,0,D1,
good/good (379).jpg,good,0,D1,
good/good (396).jpg,good,0,D1,
good/good (115).jpg,good,0,D1,
good/good (545).jpg,good,0,D1,
good/good (816).jpg,good,0,D1,
good/good (400).jpg,good,0,D1,
good/good (284).jpg,good,0,D1,
good/good (15).jpg,good,0,D1,
good/good (791).jpg,good,0,D1,
good/good (512).jpg,good,0,D1,
good/good (142).jpg,good,0,D1,
good/good (457).jpg,good,0,D1,
good/good (292).jpg,good,0,D1,
good/good (768).jpg,good,0,D1,
good/good (338).jpg,good,0,D1,
good/good (787).jpg,good,0,D1,
good/good (154).jpg,good,0,D1,
good/good (504).jpg,good,0,D1,
good/good (441).jpg,good,0,D1,
good/good (695).jpg,good,0,D1,
good/good (54).jpg,good,0,D1,
good/good (380).jpg,good,0,D1,
good/good (800).jpg,good,0,D1,
good/good (553).jpg,good,0,D1,
good/good (103).jpg,good,0,D1,
good/good (416).jpg,good,0,D1,
good/good (251).jpg,good,0,D1,
good/good (601).jpg,good,0,D1,
good/good (314).jpg,good,0,D1,
good/good (744).jpg,good,0,D1,
good/good (197).jpg,good,0,D1,
good/good (528).jpg,good,0,D1,
good/good (482).jpg,good,0,D1,
good/good (178).jpg,good,0,D1,
good/good (656).jpg,good,0,D1,
good/good (206).jpg,good,0,D1,
good/good (97).jpg,good,0,D1,
good/good (78).jpg,good,0,D1,
good/good (713).jpg,good,0,D1,
good/good (343).jpg,good,0,D1,
good/good (590).jpg,good,0,D1,
good/good (81).jpg,good,0,D1,
good/good (210).jpg,good,0,D1,
good/good (640).jpg,good,0,D1,
good/good (355).jpg,good,0,D1,
good/good (705).jpg,good,0,D1,
good/good (586).jpg,good,0,D1,
good/good (569).jpg,good,0,D1,
good/good (139).jpg,good,0,D1,
good/good (617).jpg,good,0,D1,
good/good (247).jpg,good,0,D1,
good/good (39).jpg,good,0,D1,
good/good (752).jpg,good,0,D1,
good/good (302).jpg,good,0,D1,
good/good (181).jpg,good,0,D1,
good/good (494).jpg,good,0,D1,
good/good (32).jpg,good,0,D1,
good/good (309).jpg,good,0,D1,
good/good (759).jpg,good,0,D1,
good/good (5).jpg,good,0,D1,
good/good (470).jpg,good,0,D1,
good/good (535).jpg,good,0,D1,
good/good (165).jpg,good,0,D1,
good/good (65).jpg,good,0,D1,
good/good (427).jpg,good,0,D1,
good/good (831).jpg,good,0,D1,
good/good (132).jpg,good,0,D1,
good/good (562).jpg,good,0,D1,
good/good (73).jpg,good,0,D1,
good/good (348).jpg,good,0,D1,
good/good (718).jpg,good,0,D1,
good/good (431).jpg,good,0,D1,
good/good (574).jpg,good,0,D1,
good/good (124).jpg,good,0,D1,
good/good (827).jpg,good,0,D1,
good/good (24).jpg,good,0,D1,
good/good (466).jpg,good,0,D1,
good/good (489).jpg,good,0,D1,
good/good (173).jpg,good,0,D1,
good/good (523).jpg,good,0,D1,
good/good (734).jpg,good,0,D1,
good/good (364).jpg,good,0,D1,
good/good (671).jpg,good,0,D1,
good/good (221).jpg,good,0,D1,
good/good (108).jpg,good,0,D1,
good/good (558).jpg,good,0,D1,
good/good (333).jpg,good,0,D1,
good/good (299).jpg,good,0,D1,
good/good (763).jpg,good,0,D1,
good/good (276).jpg,good,0,D1,
good/good (626).jpg,good,0,D1,
good/good (775).jpg,good,0,D1,
good/good (325).jpg,good,0,D1,
good/good (630).jpg,good,0,D1,
good/good (260).jpg,good,0,D1,
good/good (149).jpg,good,0,D1,
good/good (519).jpg,good,0,D1,
good/good (49).jpg,good,0,D1,
good/good (688).jpg,good,0,D1,
good/good (372).jpg,good,0,D1,
good/good (722).jpg,good,0,D1,
good/good (237).jpg,good,0,D1,
good/good (667).jpg,good,0,D1,
good/good (186).jpg,good,0,D1,
good/good (9).jpg,good,0,D1,
good/good (493).jpg,good,0,D1,
good/good (169).jpg,good,0,D1,
good/good (539).jpg,good,0,D1,
good/good (610).jpg,good,0,D1,
good/good (240).jpg,good,0,D1,
good/good (755).jpg,good,0,D1,
good/good (305).jpg,good,0,D1,
good/good (581).jpg,good,0,D1,
good/good (217).jpg,good,0,D1,
good/good (647).jpg,good,0,D1,
good/good (86).jpg,good,0,D1,
good/good (69).jpg,good,0,D1,
good/good (352).jpg,good,0,D1,
good/good (702).jpg,good,0,D1,
good/good (597).jpg,good,0,D1,
good/good (128).jpg,good,0,D1,
good/good (578).jpg,good,0,D1,
good/good (90).jpg,good,0,D1,
good/good (651).jpg,good,0,D1,
good/good (201).jpg,good,0,D1,
good/good (714).jpg,good,0,D1,
good/good (344).jpg,good,0,D1,
good/good (190).jpg,good,0,D1,
good/good (485).jpg,good,0,D1,
good/good (256).jpg,good,0,D1,
good/good (606).jpg,good,0,D1,
good/good (28).jpg,good,0,D1,
good/good (313).jpg,good,0,D1,
good/good (743).jpg,good,0,D1,
good/good (554).jpg,good,0,D1,
good/good (104).jpg,good,0,D1,
good/good (807).jpg,good,0,D1,
good/good (411).jpg,good,0,D1,
good/good (53).jpg,good,0,D1,
good/good (692).jpg,good,0,D1,
good/good (368).jpg,good,0,D1,
good/good (738).jpg,good,0,D1,
good/good (387).jpg,good,0,D1,
good/good (153).jpg,good,0,D1,
good/good (503).jpg,good,0,D1,
good/good (446).jpg,good,0,D1,
good/good (295).jpg,good,0,D1,
good/good (780).jpg,good,0,D1,
good/good (515).jpg,good,0,D1,
good/good (145).jpg,good,0,D1,
good/good (450).jpg,good,0,D1,
good/good (12).jpg,good,0,D1,
good/good (329).jpg,good,0,D1,
good/good (283).jpg,good,0,D1,
good/good (779).jpg,good,0,D1,
good/good (796).jpg,good,0,D1,
good/good (811).jpg,good,0,D1,
good/good (112).jpg,good,0,D1,
good/good (542).jpg,good,0,D1,
good/good (407).jpg,good,0,D1,
good/good (684).jpg,good,0,D1,
good/good (45).jpg,good,0,D1,
good/good (391).jpg,good,0,D1,
good/good (685).jpg,good,0,D1,
good/good (44).jpg,good,0,D1,
good/good (390).jpg,good,0,D1,
good/good (810).jpg,good,0,D1,
good/good (113).jpg,good,0,D1,
good/good (543).jpg,good,0,D1,
good/good (406).jpg,good,0,D1,
good/good (13).jpg,good,0,D1,
good/good (328).jpg,good,0,D1,
good/good (282).jpg,good,0,D1,
good/good (778).jpg,good,0,D1,
good/good (797).jpg,good,0,D1,
good/good (514).jpg,good,0,D1,
good/good (144).jpg,good,0,D1,
good/good (451).jpg,good,0,D1,
good/good (294).jpg,good,0,D1,
good/good (781).jpg,good,0,D1,
good/good (152).jpg,good,0,D1,
good/good (502).jpg,good,0,D1,
good/good (447).jpg,good,0,D1,
good/good (52).jpg,good,0,D1,
good/good (693).jpg,good,0,D1,
good/good (369).jpg,good,0,D1,
good/good (739).jpg,good,0,D1,
good/good (386).jpg,good,0,D1,
good/good (555).jpg,good,0,D1,
good/good (105).jpg,good,0,D1,
good/good (806).jpg,good,0,D1,
good/good (410).jpg,good,0,D1,
good/good (257).jpg,good,0,D1,
good/good (607).jpg,good,0,D1,
good/good (29).jpg,good,0,D1,
good/good (312).jpg,good,0,D1,
good/good (742).jpg,good,0,D1,
good/good (191).jpg,good,0,D1,
good/good (484).jpg,good,0,D1,
good/good (91).jpg,good,0,D1,
good/good (650).jpg,good,0,D1,
good/good (200).jpg,good,0,D1,
good/good (715).jpg,good,0,D1,
good/good (345).jpg,good,0,D1,
good/good (596).jpg,good,0,D1,
good/good (129).jpg,good,0,D1,
good/good (579).jpg,good,0,D1,
good/good (216).jpg,good,0,D1,
good/good (646).jpg,good,0,D1,
good/good (87).jpg,good,0,D1,
good/good (68).jpg,good,0,D1,
good/good (353).jpg,good,0,D1,
good/good (703).jpg,good,0,D1,
good/good (580).jpg,good,0,D1,
good/good (611).jpg,good,0,D1,
good/good (241).jpg,good,0,D1,
good/good (754).jpg,good,0,D1,
good/good (304).jpg,good,0,D1,
good/good (8).jpg,good,0,D1,
good/good (187).jpg,good,0,D1,
good/good (492).jpg,good,0,D1,
good/good (168).jpg,good,0,D1,
good/good (538).jpg,good,0,D1,
good/good (48).jpg,good,0,D1,
good/good (689).jpg,good,0,D1,
good/good (373).jpg,good,0,D1,
good/good (723).jpg,good,0,D1,
good/good (236).jpg,good,0,D1,
good/good (666).jpg,good,0,D1,
good/good (148).jpg,good,0,D1,
good/good (518).jpg,good,0,D1,
good/good (774).jpg,good,0,D1,
good/good (324).jpg,good,0,D1,
good/good (631).jpg,good,0,D1,
good/good (261).jpg,good,0,D1,
good/good (332).jpg,good,0,D1,
good/good (298).jpg,good,0,D1,
good/good (762).jpg,good,0,D1,
good/good (277).jpg,good,0,D1,
good/good (627).jpg,good,0,D1,
good/good (109).jpg,good,0,D1,
good/good (559).jpg,good,0,D1,
good/good (735).jpg,good,0,D1,
good/good (365).jpg,good,0,D1,
good/good (670).jpg,good,0,D1,
good/good (220).jpg,good,0,D1,
good/good (467).jpg,good,0,D1,
good/good (488).jpg,good,0,D1,
good/good (172).jpg,good,0,D1,
good/good (522).jpg,good,0,D1,
good/good (25).jpg,good,0,D1,
good/good (430).jpg,good,0,D1,
good/good (575).jpg,good,0,D1,
good/good (125).jpg,good,0,D1,
good/good (826).jpg,good,0,D1,
good/good (72).jpg,good,0,D1,
good/good (349).jpg,good,0,D1,
good/good (719).jpg,good,0,D1,
good/good (426).jpg,good,0,D1,
good/good (830).jpg,good,0,D1,
good/good (133).jpg,good,0,D1,
good/good (563).jpg,good,0,D1,
good/good (64).jpg,good,0,D1,
good/good (4).jpg,good,0,D1,
good/good (471).jpg,good,0,D1,
good/good (534).jpg,good,0,D1,
good/good (164).jpg,good,0,D1,
good/good (33).jpg,good,0,D1,
good/good (308).jpg,good,0,D1,
good/good (758).jpg,good,0,D1,
defect/Defective (386).jpg,defect,1,D1,
defect/Defective (739).jpg,defect,1,D1,
defect/Defective (693).jpg,defect,1,D1,
defect/Defective (369).jpg,defect,1,D1,
defect/Defective (410).jpg,defect,1,D1,
defect/Defective (87).jpg,defect,1,D1,
defect/Defective (806).jpg,defect,1,D1,
defect/Defective (105).jpg,defect,1,D1,
defect/Defective (68).jpg,defect,1,D1,
defect/Defective (555).jpg,defect,1,D1,
defect/Defective (781).jpg,defect,1,D1,
defect/Defective (294).jpg,defect,1,D1,
defect/Defective (447).jpg,defect,1,D1,
defect/Defective (502).jpg,defect,1,D1,
defect/Defective (152).jpg,defect,1,D1,
defect/Defective (851).jpg,defect,1,D1,
defect/Defective (797).jpg,defect,1,D1,
defect/Defective (282).jpg,defect,1,D1,
defect/Defective (778).jpg,defect,1,D1,
defect/Defective (328).jpg,defect,1,D1,
defect/Defective (451).jpg,defect,1,D1,
defect/Defective (847).jpg,defect,1,D1,
defect/Defective (144).jpg,defect,1,D1,
defect/Defective (29).jpg,defect,1,D1,
defect/Defective (514).jpg,defect,1,D1,
defect/Defective (390).jpg,defect,1,D1,
defect/Defective (685).jpg,defect,1,D1,
defect/Defective (91).jpg,defect,1,D1,
defect/Defective (406).jpg,defect,1,D1,
defect/Defective (543).jpg,defect,1,D1,
defect/Defective (113).jpg,defect,1,D1,
defect/Defective (810).jpg,defect,1,D1,
defect/Defective (304).jpg,defect,1,D1,
defect/Defective (754).jpg,defect,1,D1,
defect/Defective (241).jpg,defect,1,D1,
defect/Defective (611).jpg,defect,1,D1,
defect/Defective (538).jpg,defect,1,D1,
defect/Defective (492).jpg,defect,1,D1,
defect/Defective (168).jpg,defect,1,D1,
defect/Defective (187).jpg,defect,1,D1,
defect/Defective (703).jpg,defect,1,D1,
defect/Defective (353).jpg,defect,1,D1,
defect/Defective (646).jpg,defect,1,D1,
defect/Defective (216).jpg,defect,1,D1,
defect/Defective (52).jpg,defect,1,D1,
defect/Defective (580).jpg,defect,1,D1,
defect/Defective (345).jpg,defect,1,D1,
defect/Defective (715).jpg,defect,1,D1,
defect/Defective (200).jpg,defect,1,D1,
defect/Defective (650).jpg,defect,1,D1,
defect/Defective (579).jpg,defect,1,D1,
defect/Defective (44).jpg,defect,1,D1,
defect/Defective (129).jpg,defect,1,D1,
defect/Defective (596).jpg,defect,1,D1,
defect/Defective (742).jpg,defect,1,D1,
defect/Defective (312).jpg,defect,1,D1,
defect/Defective (607).jpg,defect,1,D1,
defect/Defective (257).jpg,defect,1,D1,
defect/Defective (484).jpg,defect,1,D1,
defect/Defective (13).jpg,defect,1,D1,
defect/Defective (191).jpg,defect,1,D1,
defect/Defective (559).jpg,defect,1,D1,
defect/Defective (64).jpg,defect,1,D1,
defect/Defective (109).jpg,defect,1,D1,
defect/Defective (220).jpg,defect,1,D1,
defect/Defective (670).jpg,defect,1,D1,
defect/Defective (365).jpg,defect,1,D1,
defect/Defective (735).jpg,defect,1,D1,
defect/Defective (33).jpg,defect,1,D1,
defect/Defective (627).jpg,defect,1,D1,
defect/Defective (277).jpg,defect,1,D1,
defect/Defective (298).jpg,defect,1,D1,
defect/Defective (762).jpg,defect,1,D1,
defect/Defective (332).jpg,defect,1,D1,
defect/Defective (518).jpg,defect,1,D1,
defect/Defective (25).jpg,defect,1,D1,
defect/Defective (148).jpg,defect,1,D1,
defect/Defective (261).jpg,defect,1,D1,
defect/Defective (631).jpg,defect,1,D1,
defect/Defective (324).jpg,defect,1,D1,
defect/Defective (774).jpg,defect,1,D1,
defect/Defective (72).jpg,defect,1,D1,
defect/Defective (666).jpg,defect,1,D1,
defect/Defective (236).jpg,defect,1,D1,
defect/Defective (723).jpg,defect,1,D1,
defect/Defective (689).jpg,defect,1,D1,
defect/Defective (373).jpg,defect,1,D1,
defect/Defective (164).jpg,defect,1,D1,
defect/Defective (534).jpg,defect,1,D1,
defect/Defective (471).jpg,defect,1,D1,
defect/Defective (758).jpg,defect,1,D1,
defect/Defective (308).jpg,defect,1,D1,
defect/Defective (563).jpg,defect,1,D1,
defect/Defective (133).jpg,defect,1,D1,
defect/Defective (830).jpg,defect,1,D1,
defect/Defective (426).jpg,defect,1,D1,
defect/Defective (826).jpg,defect,1,D1,
defect/Defective (125).jpg,defect,1,D1,
defect/Defective (48).jpg,defect,1,D1,
defect/Defective (575).jpg,defect,1,D1,
defect/Defective (430).jpg,defect,1,D1,
defect/Defective (719).jpg,defect,1,D1,
defect/Defective (349).jpg,defect,1,D1,
defect/Defective (522).jpg,defect,1,D1,
defect/Defective (488).jpg,defect,1,D1,
defect/Defective (172).jpg,defect,1,D1,
defect/Defective (467).jpg,defect,1,D1,
defect/Defective (523).jpg,defect,1,D1,
defect/Defective (489).jpg,defect,1,D1,
defect/Defective (173).jpg,defect,1,D1,
defect/Defective (466).jpg,defect,1,D1,
defect/Defective (718).jpg,defect,1,D1,
defect/Defective (348).jpg,defect,1,D1,
defect/Defective (827).jpg,defect,1,D1,
defect/Defective (124).jpg,defect,1,D1,
defect/Defective (49).jpg,defect,1,D1,
defect/Defective (574).jpg,defect,1,D1,
defect/Defective (431).jpg,defect,1,D1,
defect/Defective (562).jpg,defect,1,D1,
defect/Defective (132).jpg,defect,1,D1,
defect/Defective (831).jpg,defect,1,D1,
defect/Defective (427).jpg,defect,1,D1,
defect/Defective (759).jpg,defect,1,D1,
defect/Defective (309).jpg,defect,1,D1,
defect/Defective (866).jpg,defect,1,D1,
defect/Defective (165).jpg,defect,1,D1,
defect/Defective (535).jpg,defect,1,D1,
defect/Defective (470).jpg,defect,1,D1,
defect/Defective (1).jpg,defect,1,D1,
defect/Defective (667).jpg,defect,1,D1,
defect/Defective (237).jpg,defect,1,D1,
defect/Defective (722).jpg,defect,1,D1,
defect/Defective (688).jpg,defect,1,D1,
defect/Defective (372).jpg,defect,1,D1,
defect/Defective (73).jpg,defect,1,D1,
defect/Defective (260).jpg,defect,1,D1,
defect/Defective (630).jpg,defect,1,D1,
defect/Defective (325).jpg,defect,1,D1,
defect/Defective (775).jpg,defect,1,D1,
defect/Defective (519).jpg,defect,1,D1,
defect/Defective (24).jpg,defect,1,D1,
defect/Defective (149).jpg,defect,1,D1,
defect/Defective (626).jpg,defect,1,D1,
defect/Defective (276).jpg,defect,1,D1,
defect/Defective (299).jpg,defect,1,D1,
defect/Defective (763).jpg,defect,1,D1,
defect/Defective (333).jpg,defect,1,D1,
defect/Defective (32).jpg,defect,1,D1,
defect/Defective (221).jpg,defect,1,D1,
defect/Defective (671).jpg,defect,1,D1,
defect/Defective (364).jpg,defect,1,D1,
defect/Defective (734).jpg,defect,1,D1,
defect/Defective (558).jpg,defect,1,D1,
defect/Defective (65).jpg,defect,1,D1,
defect/Defective (108).jpg,defect,1,D1,
defect/Defective (485).jpg,defect,1,D1,
defect/Defective (12).jpg,defect,1,D1,
defect/Defective (190).jpg,defect,1,D1,
defect/Defective (743).jpg,defect,1,D1,
defect/Defective (313).jpg,defect,1,D1,
defect/Defective (606).jpg,defect,1,D1,
defect/Defective (256).jpg,defect,1,D1,
defect/Defective (578).jpg,defect,1,D1,
defect/Defective (45).jpg,defect,1,D1,
defect/Defective (128).jpg,defect,1,D1,
defect/Defective (597).jpg,defect,1,D1,
defect/Defective (344).jpg,defect,1,D1,
defect/Defective (714).jpg,defect,1,D1,
defect/Defective (201).jpg,defect,1,D1,
defect/Defective (651).jpg,defect,1,D1,
defect/Defective (53).jpg,defect,1,D1,
defect/Defective (581).jpg,defect,1,D1,
defect/Defective (702).jpg,defect,1,D1,
defect/Defective (352).jpg,defect,1,D1,
defect/Defective (647).jpg,defect,1,D1,
defect/Defective (217).jpg,defect,1,D1,
defect/Defective (539).jpg,defect,1,D1,
defect/Defective (493).jpg,defect,1,D1,
defect/Defective (169).jpg,defect,1,D1,
defect/Defective (186).jpg,defect,1,D1,
defect/Defective (305).jpg,defect,1,D1,
defect/Defective (755).jpg,defect,1,D1,
defect/Defective (240).jpg,defect,1,D1,
defect/Defective (610).jpg,defect,1,D1,
defect/Defective (90).jpg,defect,1,D1,
defect/Defective (407).jpg,defect,1,D1,
defect/Defective (542).jpg,defect,1,D1,
defect/Defective (112).jpg,defect,1,D1,
defect/Defective (811).jpg,defect,1,D1,
defect/Defective (391).jpg,defect,1,D1,
defect/Defective (684).jpg,defect,1,D1,
defect/Defective (450).jpg,defect,1,D1,
defect/Defective (846).jpg,defect,1,D1,
defect/Defective (145).jpg,defect,1,D1,
defect/Defective (28).jpg,defect,1,D1,
defect/Defective (515).jpg,defect,1,D1,
defect/Defective (796).jpg,defect,1,D1,
defect/Defective (283).jpg,defect,1,D1,
defect/Defective (779).jpg,defect,1,D1,
defect/Defective (329).jpg,defect,1,D1,
defect/Defective (446).jpg,defect,1,D1,
defect/Defective (503).jpg,defect,1,D1,
defect/Defective (153).jpg,defect,1,D1,
defect/Defective (850).jpg,defect,1,D1,
defect/Defective (780).jpg,defect,1,D1,
defect/Defective (295).jpg,defect,1,D1,
defect/Defective (411).jpg,defect,1,D1,
defect/Defective (86).jpg,defect,1,D1,
defect/Defective (807).jpg,defect,1,D1,
defect/Defective (104).jpg,defect,1,D1,
defect/Defective (69).jpg,defect,1,D1,
defect/Defective (554).jpg,defect,1,D1,
defect/Defective (387).jpg,defect,1,D1,
defect/Defective (738).jpg,defect,1,D1,
defect/Defective (692).jpg,defect,1,D1,
defect/Defective (368).jpg,defect,1,D1,
defect/Defective (62).jpg,defect,1,D1,
defect/Defective (226).jpg,defect,1,D1,
defect/Defective (676).jpg,defect,1,D1,
defect/Defective (699).jpg,defect,1,D1,
defect/Defective (363).jpg,defect,1,D1,
defect/Defective (733).jpg,defect,1,D1,
defect/Defective (35).jpg,defect,1,D1,
defect/Defective (158).jpg,defect,1,D1,
defect/Defective (508).jpg,defect,1,D1,
defect/Defective (621).jpg,defect,1,D1,
defect/Defective (271).jpg,defect,1,D1,
defect/Defective (764).jpg,defect,1,D1,
defect/Defective (334).jpg,defect,1,D1,
defect/Defective (23).jpg,defect,1,D1,
defect/Defective (267).jpg,defect,1,D1,
defect/Defective (637).jpg,defect,1,D1,
defect/Defective (322).jpg,defect,1,D1,
defect/Defective (288).jpg,defect,1,D1,
defect/Defective (772).jpg,defect,1,D1,
defect/Defective (74).jpg,defect,1,D1,
defect/Defective (119).jpg,defect,1,D1,
defect/Defective (549).jpg,defect,1,D1,
defect/Defective (660).jpg,defect,1,D1,
defect/Defective (230).jpg,defect,1,D1,
defect/Defective (725).jpg,defect,1,D1,
defect/Defective (375).jpg,defect,1,D1,
defect/Defective (498).jpg,defect,1,D1,
defect/Defective (162).jpg,defect,1,D1,
defect/Defective (532).jpg,defect,1,D1,
defect/Defective (861).jpg,defect,1,D1,
defect/Defective (6).jpg,defect,1,D1,
defect/Defective (477).jpg,defect,1,D1,
defect/Defective (836).jpg,defect,1,D1,
defect/Defective (565).jpg,defect,1,D1,
defect/Defective (135).jpg,defect,1,D1,
defect/Defective (58).jpg,defect,1,D1,
defect/Defective (420).jpg,defect,1,D1,
defect/Defective (359).jpg,defect,1,D1,
defect/Defective (709).jpg,defect,1,D1,
defect/Defective (123).jpg,defect,1,D1,
defect/Defective (573).jpg,defect,1,D1,
defect/Defective (820).jpg,defect,1,D1,
defect/Defective (436).jpg,defect,1,D1,
defect/Defective (524).jpg,defect,1,D1,
defect/Defective (174).jpg,defect,1,D1,
defect/Defective (19).jpg,defect,1,D1,
defect/Defective (461).jpg,defect,1,D1,
defect/Defective (318).jpg,defect,1,D1,
defect/Defective (748).jpg,defect,1,D1,
defect/Defective (380).jpg,defect,1,D1,
defect/Defective (695).jpg,defect,1,D1,
defect/Defective (416).jpg,defect,1,D1,
defect/Defective (81).jpg,defect,1,D1,
defect/Defective (103).jpg,defect,1,D1,
defect/Defective (553).jpg,defect,1,D1,
defect/Defective (800).jpg,defect,1,D1,
defect/Defective (787).jpg,defect,1,D1,
defect/Defective (338).jpg,defect,1,D1,
defect/Defective (292).jpg,defect,1,D1,
defect/Defective (768).jpg,defect,1,D1,
defect/Defective (441).jpg,defect,1,D1,
defect/Defective (857).jpg,defect,1,D1,
defect/Defective (504).jpg,defect,1,D1,
defect/Defective (154).jpg,defect,1,D1,
defect/Defective (39).jpg,defect,1,D1,
defect/Defective (791).jpg,defect,1,D1,
defect/Defective (284).jpg,defect,1,D1,
defect/Defective (457).jpg,defect,1,D1,
defect/Defective (142).jpg,defect,1,D1,
defect/Defective (512).jpg,defect,1,D1,
defect/Defective (841).jpg,defect,1,D1,
defect/Defective (396).jpg,defect,1,D1,
defect/Defective (683).jpg,defect,1,D1,
defect/Defective (379).jpg,defect,1,D1,
defect/Defective (729).jpg,defect,1,D1,
defect/Defective (97).jpg,defect,1,D1,
defect/Defective (400).jpg,defect,1,D1,
defect/Defective (816).jpg,defect,1,D1,
defect/Defective (545).jpg,defect,1,D1,
defect/Defective (115).jpg,defect,1,D1,
defect/Defective (78).jpg,defect,1,D1,
defect/Defective (302).jpg,defect,1,D1,
defect/Defective (752).jpg,defect,1,D1,
defect/Defective (247).jpg,defect,1,D1,
defect/Defective (617).jpg,defect,1,D1,
defect/Defective (494).jpg,defect,1,D1,
defect/Defective (181).jpg,defect,1,D1,
defect/Defective (705).jpg,defect,1,D1,
defect/Defective (355).jpg,defect,1,D1,
defect/Defective (640).jpg,defect,1,D1,
defect/Defective (210).jpg,defect,1,D1,
defect/Defective (54).jpg,defect,1,D1,
defect/Defective (139).jpg,defect,1,D1,
defect/Defective (569).jpg,defect,1,D1,
defect/Defective (586).jpg,defect,1,D1,
defect/Defective (343).jpg,defect,1,D1,
defect/Defective (713).jpg,defect,1,D1,
defect/Defective (206).jpg,defect,1,D1,
defect/Defective (656).jpg,defect,1,D1,
defect/Defective (42).jpg,defect,1,D1,
defect/Defective (590).jpg,defect,1,D1,
defect/Defective (744).jpg,defect,1,D1,
defect/Defective (314).jpg,defect,1,D1,
defect/Defective (601).jpg,defect,1,D1,
defect/Defective (251).jpg,defect,1,D1,
defect/Defective (482).jpg,defect,1,D1,
defect/Defective (15).jpg,defect,1,D1,
defect/Defective (178).jpg,defect,1,D1,
defect/Defective (528).jpg,defect,1,D1,
defect/Defective (197).jpg,defect,1,D1,
defect/Defective (483).jpg,defect,1,D1,
defect/Defective (14).jpg,defect,1,D1,
defect/Defective (179).jpg,defect,1,D1,
defect/Defective (529).jpg,defect,1,D1,
defect/Defective (196).jpg,defect,1,D1,
defect/Defective (745).jpg,defect,1,D1,
defect/Defective (315).jpg,defect,1,D1,
defect/Defective (600).jpg,defect,1,D1,
defect/Defective (250).jpg,defect,1,D1,
defect/Defective (43).jpg,defect,1,D1,
defect/Defective (591).jpg,defect,1,D1,
defect/Defective (342).jpg,defect,1,D1,
defect/Defective (712).jpg,defect,1,D1,
defect/Defective (207).jpg,defect,1,D1,
defect/Defective (657).jpg,defect,1,D1,
defect/Defective (55).jpg,defect,1,D1,
defect/Defective (138).jpg,defect,1,D1,
defect/Defective (568).jpg,defect,1,D1,
defect/Defective (587).jpg,defect,1,D1,
defect/Defective (704).jpg,defect,1,D1,
defect/Defective (354).jpg,defect,1,D1,
defect/Defective (641).jpg,defect,1,D1,
defect/Defective (211).jpg,defect,1,D1,
defect/Defective (495).jpg,defect,1,D1,
defect/Defective (180).jpg,defect,1,D1,
defect/Defective (303).jpg,defect,1,D1,
defect/Defective (753).jpg,defect,1,D1,
defect/Defective (246).jpg,defect,1,D1,
defect/Defective (616).jpg,defect,1,D1,
defect/Defective (96).jpg,defect,1,D1,
defect/Defective (401).jpg,defect,1,D1,
defect/Defective (817).jpg,defect,1,D1,
defect/Defective (544).jpg,defect,1,D1,
defect/Defective (114).jpg,defect,1,D1,
defect/Defective (79).jpg,defect,1,D1,
defect/Defective (397).jpg,defect,1,D1,
defect/Defective (682).jpg,defect,1,D1,
defect/Defective (378).jpg,defect,1,D1,
defect/Defective (728).jpg,defect,1,D1,
defect/Defective (456).jpg,defect,1,D1,
defect/Defective (143).jpg,defect,1,D1,
defect/Defective (513).jpg,defect,1,D1,
defect/Defective (840).jpg,defect,1,D1,
defect/Defective (790).jpg,defect,1,D1,
defect/Defective (285).jpg,defect,1,D1,
defect/Defective (440).jpg,defect,1,D1,
defect/Defective (856).jpg,defect,1,D1,
defect/Defective (505).jpg,defect,1,D1,
defect/Defective (155).jpg,defect,1,D1,
defect/Defective (38).jpg,defect,1,D1,
defect/Defective (786).jpg,defect,1,D1,
defect/Defective (339).jpg,defect,1,D1,
defect/Defective (293).jpg,defect,1,D1,
defect/Defective (769).jpg,defect,1,D1,
defect/Defective (417).jpg,defect,1,D1,
defect/Defective (80).jpg,defect,1,D1,
defect/Defective (102).jpg,defect,1,D1,
defect/Defective (552).jpg,defect,1,D1,
defect/Defective (801).jpg,defect,1,D1,
defect/Defective (381).jpg,defect,1,D1,
defect/Defective (694).jpg,defect,1,D1,
defect/Defective (319).jpg,defect,1,D1,
defect/Defective (749).jpg,defect,1,D1,
defect/Defective (525).jpg,defect,1,D1,
defect/Defective (175).jpg,defect,1,D1,
defect/Defective (18).jpg,defect,1,D1,
defect/Defective (460).jpg,defect,1,D1,
defect/Defective (122).jpg,defect,1,D1,
defect/Defective (572).jpg,defect,1,D1,
defect/Defective (821).jpg,defect,1,D1,
defect/Defective (437).jpg,defect,1,D1,
defect/Defective (358).jpg,defect,1,D1,
defect/Defective (708).jpg,defect,1,D1,
defect/Defective (837).jpg,defect,1,D1,
defect/Defective (564).jpg,defect,1,D1,
defect/Defective (134).jpg,defect,1,D1,
defect/Defective (59).jpg,defect,1,D1,
defect/Defective (421).jpg,defect,1,D1,
defect/Defective (499).jpg,defect,1,D1,
defect/Defective (163).jpg,defect,1,D1,
defect/Defective (533).jpg,defect,1,D1,
defect/Defective (860).jpg,defect,1,D1,
defect/Defective (7).jpg,defect,1,D1,
defect/Defective (476).jpg,defect,1,D1,
defect/Defective (661).jpg,defect,1,D1,
defect/Defective (231).jpg,defect,1,D1,
defect/Defective (724).jpg,defect,1,D1,
defect/Defective (374).jpg,defect,1,D1,
defect/Defective (75).jpg,defect,1,D1,
defect/Defective (118).jpg,defect,1,D1,
defect/Defective (548).jpg,defect,1,D1,
defect/Defective (266).jpg,defect,1,D1,
defect/Defective (636).jpg,defect,1,D1,
defect/Defective (323).jpg,defect,1,D1,
defect/Defective (289).jpg,defect,1,D1,
defect/Defective (773).jpg,defect,1,D1,
defect/Defective (22).jpg,defect,1,D1,
defect/Defective (620).jpg,defect,1,D1,
defect/Defective (270).jpg,defect,1,D1,
defect/Defective (765).jpg,defect,1,D1,
defect/Defective (335).jpg,defect,1,D1,
defect/Defective (34).jpg,defect,1,D1,
defect/Defective (159).jpg,defect,1,D1,
defect/Defective (509).jpg,defect,1,D1,
defect/Defective (227).jpg,defect,1,D1,
defect/Defective (677).jpg,defect,1,D1,
defect/Defective (698).jpg,defect,1,D1,
defect/Defective (362).jpg,defect,1,D1,
defect/Defective (732).jpg,defect,1,D1,
defect/Defective (63).jpg,defect,1,D1,
defect/Defective (199).jpg,defect,1,D1,
defect/Defective (463).jpg,defect,1,D1,
defect/Defective (526).jpg,defect,1,D1,
defect/Defective (176).jpg,defect,1,D1,
defect/Defective (658).jpg,defect,1,D1,
defect/Defective (208).jpg,defect,1,D1,
defect/Defective (434).jpg,defect,1,D1,
defect/Defective (822).jpg,defect,1,D1,
defect/Defective (121).jpg,defect,1,D1,
defect/Defective (571).jpg,defect,1,D1,
defect/Defective (422).jpg,defect,1,D1,
defect/Defective (588).jpg,defect,1,D1,
defect/Defective (567).jpg,defect,1,D1,
defect/Defective (137).jpg,defect,1,D1,
defect/Defective (834).jpg,defect,1,D1,
defect/Defective (619).jpg,defect,1,D1,
defect/Defective (249).jpg,defect,1,D1,
defect/Defective (475).jpg,defect,1,D1,
defect/Defective (4).jpg,defect,1,D1,
defect/Defective (863).jpg,defect,1,D1,
defect/Defective (160).jpg,defect,1,D1,
defect/Defective (530).jpg,defect,1,D1,
defect/Defective (727).jpg,defect,1,D1,
defect/Defective (377).jpg,defect,1,D1,
defect/Defective (398).jpg,defect,1,D1,
defect/Defective (662).jpg,defect,1,D1,
defect/Defective (232).jpg,defect,1,D1,
defect/Defective (818).jpg,defect,1,D1,
defect/Defective (76).jpg,defect,1,D1,
defect/Defective (99).jpg,defect,1,D1,
defect/Defective (320).jpg,defect,1,D1,
defect/Defective (770).jpg,defect,1,D1,
defect/Defective (265).jpg,defect,1,D1,
defect/Defective (635).jpg,defect,1,D1,
defect/Defective (21).jpg,defect,1,D1,
defect/Defective (459).jpg,defect,1,D1,
defect/Defective (766).jpg,defect,1,D1,
defect/Defective (336).jpg,defect,1,D1,
defect/Defective (623).jpg,defect,1,D1,
defect/Defective (789).jpg,defect,1,D1,
defect/Defective (273).jpg,defect,1,D1,
defect/Defective (859).jpg,defect,1,D1,
defect/Defective (37).jpg,defect,1,D1,
defect/Defective (361).jpg,defect,1,D1,
defect/Defective (731).jpg,defect,1,D1,
defect/Defective (224).jpg,defect,1,D1,
defect/Defective (674).jpg,defect,1,D1,
defect/Defective (60).jpg,defect,1,D1,
defect/Defective (418).jpg,defect,1,D1,
defect/Defective (195).jpg,defect,1,D1,
defect/Defective (17).jpg,defect,1,D1,
defect/Defective (480).jpg,defect,1,D1,
defect/Defective (603).jpg,defect,1,D1,
defect/Defective (253).jpg,defect,1,D1,
defect/Defective (746).jpg,defect,1,D1,
defect/Defective (316).jpg,defect,1,D1,
defect/Defective (438).jpg,defect,1,D1,
defect/Defective (592).jpg,defect,1,D1,
defect/Defective (40).jpg,defect,1,D1,
defect/Defective (204).jpg,defect,1,D1,
defect/Defective (654).jpg,defect,1,D1,
defect/Defective (341).jpg,defect,1,D1,
defect/Defective (711).jpg,defect,1,D1,
defect/Defective (584).jpg,defect,1,D1,
defect/Defective (838).jpg,defect,1,D1,
defect/Defective (56).jpg,defect,1,D1,
defect/Defective (642).jpg,defect,1,D1,
defect/Defective (212).jpg,defect,1,D1,
defect/Defective (707).jpg,defect,1,D1,
defect/Defective (357).jpg,defect,1,D1,
defect/Defective (8).jpg,defect,1,D1,
defect/Defective (183).jpg,defect,1,D1,
defect/Defective (479).jpg,defect,1,D1,
defect/Defective (496).jpg,defect,1,D1,
defect/Defective (245).jpg,defect,1,D1,
defect/Defective (615).jpg,defect,1,D1,
defect/Defective (300).jpg,defect,1,D1,
defect/Defective (750).jpg,defect,1,D1,
defect/Defective (547).jpg,defect,1,D1,
defect/Defective (117).jpg,defect,1,D1,
defect/Defective (814).jpg,defect,1,D1,
defect/Defective (402).jpg,defect,1,D1,
defect/Defective (95).jpg,defect,1,D1,
defect/Defective (681).jpg,defect,1,D1,
defect/Defective (394).jpg,defect,1,D1,
defect/Defective (843).jpg,defect,1,D1,
defect/Defective (140).jpg,defect,1,D1,
defect/Defective (510).jpg,defect,1,D1,
defect/Defective (455).jpg,defect,1,D1,
defect/Defective (286).jpg,defect,1,D1,
defect/Defective (639).jpg,defect,1,D1,
defect/Defective (793).jpg,defect,1,D1,
defect/Defective (269).jpg,defect,1,D1,
defect/Defective (506).jpg,defect,1,D1,
defect/Defective (156).jpg,defect,1,D1,
defect/Defective (855).jpg,defect,1,D1,
defect/Defective (443).jpg,defect,1,D1,
defect/Defective (290).jpg,defect,1,D1,
defect/Defective (785).jpg,defect,1,D1,
defect/Defective (802).jpg,defect,1,D1,
defect/Defective (101).jpg,defect,1,D1,
defect/Defective (551).jpg,defect,1,D1,
defect/Defective (83).jpg,defect,1,D1,
defect/Defective (414).jpg,defect,1,D1,
defect/Defective (697).jpg,defect,1,D1,
defect/Defective (382).jpg,defect,1,D1,
defect/Defective (678).jpg,defect,1,D1,
defect/Defective (228).jpg,defect,1,D1,
defect/Defective (696).jpg,defect,1,D1,
defect/Defective (383).jpg,defect,1,D1,
defect/Defective (679).jpg,defect,1,D1,
defect/Defective (229).jpg,defect,1,D1,
defect/Defective (803).jpg,defect,1,D1,
defect/Defective (100).jpg,defect,1,D1,
defect/Defective (550).jpg,defect,1,D1,
defect/Defective (82).jpg,defect,1,D1,
defect/Defective (415).jpg,defect,1,D1,
defect/Defective (291).jpg,defect,1,D1,
defect/Defective (784).jpg,defect,1,D1,
defect/Defective (507).jpg,defect,1,D1,
defect/Defective (157).jpg,defect,1,D1,
defect/Defective (854).jpg,defect,1,D1,
defect/Defective (442).jpg,defect,1,D1,
defect/Defective (287).jpg,defect,1,D1,
defect/Defective (638).jpg,defect,1,D1,
defect/Defective (792).jpg,defect,1,D1,
defect/Defective (268).jpg,defect,1,D1,
defect/Defective (842).jpg,defect,1,D1,
defect/Defective (141).jpg,defect,1,D1,
defect/Defective (511).jpg,defect,1,D1,
defect/Defective (454).jpg,defect,1,D1,
defect/Defective (680).jpg,defect,1,D1,
defect/Defective (395).jpg,defect,1,D1,
defect/Defective (546).jpg,defect,1,D1,
defect/Defective (116).jpg,defect,1,D1,
defect/Defective (815).jpg,defect,1,D1,
defect/Defective (403).jpg,defect,1,D1,
defect/Defective (94).jpg,defect,1,D1,
defect/Defective (244).jpg,defect,1,D1,
defect/Defective (614).jpg,defect,1,D1,
defect/Defective (301).jpg,defect,1,D1,
defect/Defective (751).jpg,defect,1,D1,
defect/Defective (9).jpg,defect,1,D1,
defect/Defective (182).jpg,defect,1,D1,
defect/Defective (478).jpg,defect,1,D1,
defect/Defective (497).jpg,defect,1,D1,
defect/Defective (643).jpg,defect,1,D1,
defect/Defective (213).jpg,defect,1,D1,
defect/Defective (706).jpg,defect,1,D1,
defect/Defective (356).jpg,defect,1,D1,
defect/Defective (585).jpg,defect,1,D1,
defect/Defective (839).jpg,defect,1,D1,
defect/Defective (57).jpg,defect,1,D1,
defect/Defective (205).jpg,defect,1,D1,
defect/Defective (655).jpg,defect,1,D1,
defect/Defective (340).jpg,defect,1,D1,
defect/Defective (710).jpg,defect,1,D1,
defect/Defective (439).jpg,defect,1,D1,
defect/Defective (593).jpg,defect,1,D1,
defect/Defective (41).jpg,defect,1,D1,
defect/Defective (602).jpg,defect,1,D1,
defect/Defective (252).jpg,defect,1,D1,
defect/Defective (747).jpg,defect,1,D1,
defect/Defective (317).jpg,defect,1,D1,
defect/Defective (194).jpg,defect,1,D1,
defect/Defective (16).jpg,defect,1,D1,
defect/Defective (481).jpg,defect,1,D1,
defect/Defective (61).jpg,defect,1,D1,
defect/Defective (419).jpg,defect,1,D1,
defect/Defective (360).jpg,defect,1,D1,
defect/Defective (730).jpg,defect,1,D1,
defect/Defective (225).jpg,defect,1,D1,
defect/Defective (675).jpg,defect,1,D1,
defect/Defective (858).jpg,defect,1,D1,
defect/Defective (36).jpg,defect,1,D1,
defect/Defective (767).jpg,defect,1,D1,
defect/Defective (337).jpg,defect,1,D1,
defect/Defective (622).jpg,defect,1,D1,
defect/Defective (788).jpg,defect,1,D1,
defect/Defective (272).jpg,defect,1,D1,
defect/Defective (20).jpg,defect,1,D1,
defect/Defective (458).jpg,defect,1,D1,
defect/Defective (321).jpg,defect,1,D1,
defect/Defective (771).jpg,defect,1,D1,
defect/Defective (264).jpg,defect,1,D1,
defect/Defective (634).jpg,defect,1,D1,
defect/Defective (819).jpg,defect,1,D1,
defect/Defective (77).jpg,defect,1,D1,
defect/Defective (98).jpg,defect,1,D1,
defect/Defective (726).jpg,defect,1,D1,
defect/Defective (376).jpg,defect,1,D1,
defect/Defective (399).jpg,defect,1,D1,
defect/Defective (663).jpg,defect,1,D1,
defect/Defective (233).jpg,defect,1,D1,
defect/Defective (474).jpg,defect,1,D1,
defect/Defective (5).jpg,defect,1,D1,
defect/Defective (862).jpg,defect,1,D1,
defect/Defective (161).jpg,defect,1,D1,
defect/Defective (531).jpg,defect,1,D1,
defect/Defective (618).jpg,defect,1,D1,
defect/Defective (248).jpg,defect,1,D1,
defect/Defective (423).jpg,defect,1,D1,
defect/Defective (589).jpg,defect,1,D1,
defect/Defective (566).jpg,defect,1,D1,
defect/Defective (136).jpg,defect,1,D1,
defect/Defective (835).jpg,defect,1,D1,
defect/Defective (435).jpg,defect,1,D1,
defect/Defective (823).jpg,defect,1,D1,
defect/Defective (120).jpg,defect,1,D1,
defect/Defective (570).jpg,defect,1,D1,
defect/Defective (659).jpg,defect,1,D1,
defect/Defective (209).jpg,defect,1,D1,
defect/Defective (198).jpg,defect,1,D1,
defect/Defective (462).jpg,defect,1,D1,
defect/Defective (527).jpg,defect,1,D1,
defect/Defective (177).jpg,defect,1,D1,
defect/Defective (193).jpg,defect,1,D1,
defect/Defective (469).jpg,defect,1,D1,
defect/Defective (11).jpg,defect,1,D1,
defect/Defective (486).jpg,defect,1,D1,
defect/Defective (605).jpg,defect,1,D1,
defect/Defective (255).jpg,defect,1,D1,
defect/Defective (740).jpg,defect,1,D1,
defect/Defective (310).jpg,defect,1,D1,
defect/Defective (594).jpg,defect,1,D1,
defect/Defective (828).jpg,defect,1,D1,
defect/Defective (46).jpg,defect,1,D1,
defect/Defective (202).jpg,defect,1,D1,
defect/Defective (652).jpg,defect,1,D1,
defect/Defective (347).jpg,defect,1,D1,
defect/Defective (717).jpg,defect,1,D1,
defect/Defective (582).jpg,defect,1,D1,
defect/Defective (428).jpg,defect,1,D1,
defect/Defective (50).jpg,defect,1,D1,
defect/Defective (644).jpg,defect,1,D1,
defect/Defective (214).jpg,defect,1,D1,
defect/Defective (701).jpg,defect,1,D1,
defect/Defective (351).jpg,defect,1,D1,
defect/Defective (185).jpg,defect,1,D1,
defect/Defective (490).jpg,defect,1,D1,
defect/Defective (243).jpg,defect,1,D1,
defect/Defective (613).jpg,defect,1,D1,
defect/Defective (306).jpg,defect,1,D1,
defect/Defective (756).jpg,defect,1,D1,
defect/Defective (812).jpg,defect,1,D1,
defect/Defective (541).jpg,defect,1,D1,
defect/Defective (111).jpg,defect,1,D1,
defect/Defective (404).jpg,defect,1,D1,
defect/Defective (93).jpg,defect,1,D1,
defect/Defective (687).jpg,defect,1,D1,
defect/Defective (238).jpg,defect,1,D1,
defect/Defective (392).jpg,defect,1,D1,
defect/Defective (668).jpg,defect,1,D1,
defect/Defective (146).jpg,defect,1,D1,
defect/Defective (516).jpg,defect,1,D1,
defect/Defective (845).jpg,defect,1,D1,
defect/Defective (453).jpg,defect,1,D1,
defect/Defective (280).jpg,defect,1,D1,
defect/Defective (795).jpg,defect,1,D1,
defect/Defective (853).jpg,defect,1,D1,
defect/Defective (500).jpg,defect,1,D1,
defect/Defective (150).jpg,defect,1,D1,
defect/Defective (445).jpg,defect,1,D1,
defect/Defective (296).jpg,defect,1,D1,
defect/Defective (783).jpg,defect,1,D1,
defect/Defective (279).jpg,defect,1,D1,
defect/Defective (629).jpg,defect,1,D1,
defect/Defective (107).jpg,defect,1,D1,
defect/Defective (557).jpg,defect,1,D1,
defect/Defective (804).jpg,defect,1,D1,
defect/Defective (85).jpg,defect,1,D1,
defect/Defective (412).jpg,defect,1,D1,
defect/Defective (691).jpg,defect,1,D1,
defect/Defective (384).jpg,defect,1,D1,
defect/Defective (259).jpg,defect,1,D1,
defect/Defective (609).jpg,defect,1,D1,
defect/Defective (465).jpg,defect,1,D1,
defect/Defective (520).jpg,defect,1,D1,
defect/Defective (170).jpg,defect,1,D1,
defect/Defective (598).jpg,defect,1,D1,
defect/Defective (432).jpg,defect,1,D1,
defect/Defective (127).jpg,defect,1,D1,
defect/Defective (577).jpg,defect,1,D1,
defect/Defective (824).jpg,defect,1,D1,
defect/Defective (218).jpg,defect,1,D1,
defect/Defective (648).jpg,defect,1,D1,
defect/Defective (424).jpg,defect,1,D1,
defect/Defective (832).jpg,defect,1,D1,
defect/Defective (561).jpg,defect,1,D1,
defect/Defective (131).jpg,defect,1,D1,
defect/Defective (2).jpg,defect,1,D1,
defect/Defective (189).jpg,defect,1,D1,
defect/Defective (473).jpg,defect,1,D1,
defect/Defective (166).jpg,defect,1,D1,
defect/Defective (536).jpg,defect,1,D1,
defect/Defective (865).jpg,defect,1,D1,
defect/Defective (721).jpg,defect,1,D1,
defect/Defective (371).jpg,defect,1,D1,
defect/Defective (664).jpg,defect,1,D1,
defect/Defective (234).jpg,defect,1,D1,
defect/Defective (70).jpg,defect,1,D1,
defect/Defective (408).jpg,defect,1,D1,
defect/Defective (326).jpg,defect,1,D1,
defect/Defective (776).jpg,defect,1,D1,
defect/Defective (799).jpg,defect,1,D1,
defect/Defective (263).jpg,defect,1,D1,
defect/Defective (633).jpg,defect,1,D1,
defect/Defective (849).jpg,defect,1,D1,
defect/Defective (27).jpg,defect,1,D1,
defect/Defective (760).jpg,defect,1,D1,
defect/Defective (330).jpg,defect,1,D1,
defect/Defective (625).jpg,defect,1,D1,
defect/Defective (275).jpg,defect,1,D1,
defect/Defective (31).jpg,defect,1,D1,
defect/Defective (449).jpg,defect,1,D1,
defect/Defective (367).jpg,defect,1,D1,
defect/Defective (737).jpg,defect,1,D1,
defect/Defective (222).jpg,defect,1,D1,
defect/Defective (388).jpg,defect,1,D1,
defect/Defective (672).jpg,defect,1,D1,
defect/Defective (808).jpg,defect,1,D1,
defect/Defective (66).jpg,defect,1,D1,
defect/Defective (89).jpg,defect,1,D1,
defect/Defective (809).jpg,defect,1,D1,
defect/Defective (67).jpg,defect,1,D1,
defect/Defective (88).jpg,defect,1,D1,
defect/Defective (366).jpg,defect,1,D1,
defect/Defective (736).jpg,defect,1,D1,
defect/Defective (223).jpg,defect,1,D1,
defect/Defective (389).jpg,defect,1,D1,
defect/Defective (673).jpg,defect,1,D1,
defect/Defective (30).jpg,defect,1,D1,
defect/Defective (448).jpg,defect,1,D1,
defect/Defective (761).jpg,defect,1,D1,
defect/Defective (331).jpg,defect,1,D1,
defect/Defective (624).jpg,defect,1,D1,
defect/Defective (274).jpg,defect,1,D1,
defect/Defective (848).jpg,defect,1,D1,
defect/Defective (26).jpg,defect,1,D1,
defect/Defective (327).jpg,defect,1,D1,
defect/Defective (777).jpg,defect,1,D1,
defect/Defective (798).jpg,defect,1,D1,
defect/Defective (262).jpg,defect,1,D1,
defect/Defective (632).jpg,defect,1,D1,
defect/Defective (71).jpg,defect,1,D1,
defect/Defective (409).jpg,defect,1,D1,
defect/Defective (720).jpg,defect,1,D1,
defect/Defective (370).jpg,defect,1,D1,
defect/Defective (665).jpg,defect,1,D1,
defect/Defective (235).jpg,defect,1,D1,
defect/Defective (3).jpg,defect,1,D1,
defect/Defective (188).jpg,defect,1,D1,
defect/Defective (472).jpg,defect,1,D1,
defect/Defective (167).jpg,defect,1,D1,
defect/Defective (537).jpg,defect,1,D1,
defect/Defective (864).jpg,defect,1,D1,
defect/Defective (425).jpg,defect,1,D1,
defect/Defective (833).jpg,defect,1,D1,
defect/Defective (560).jpg,defect,1,D1,
defect/Defective (130).jpg,defect,1,D1,
defect/Defective (219).jpg,defect,1,D1,
defect/Defective (649).jpg,defect,1,D1,
defect/Defective (599).jpg,defect,1,D1,
defect/Defective (433).jpg,defect,1,D1,
defect/Defective (126).jpg,defect,1,D1,
defect/Defective (576).jpg,defect,1,D1,
defect/Defective (825).jpg,defect,1,D1,
defect/Defective (464).jpg,defect,1,D1,
defect/Defective (521).jpg,defect,1,D1,
defect/Defective (171).jpg,defect,1,D1,
defect/Defective (258).jpg,defect,1,D1,
defect/Defective (608).jpg,defect,1,D1,
defect/Defective (690).jpg,defect,1,D1,
defect/Defective (385).jpg,defect,1,D1,
defect/Defective (106).jpg,defect,1,D1,
defect/Defective (556).jpg,defect,1,D1,
defect/Defective (805).jpg,defect,1,D1,
defect/Defective (84).jpg,defect,1,D1,
defect/Defective (413).jpg,defect,1,D1,
defect/Defective (297).jpg,defect,1,D1,
defect/Defective (782).jpg,defect,1,D1,
defect/Defective (278).jpg,defect,1,D1,
defect/Defective (628).jpg,defect,1,D1,
defect/Defective (852).jpg,defect,1,D1,
defect/Defective (501).jpg,defect,1,D1,
defect/Defective (151).jpg,defect,1,D1,
defect/Defective (444).jpg,defect,1,D1,
defect/Defective (281).jpg,defect,1,D1,
defect/Defective (794).jpg,defect,1,D1,
defect/Defective (147).jpg,defect,1,D1,
defect/Defective (517).jpg,defect,1,D1,
defect/Defective (844).jpg,defect,1,D1,
defect/Defective (452).jpg,defect,1,D1,
defect/Defective (686).jpg,defect,1,D1,
defect/Defective (239).jpg,defect,1,D1,
defect/Defective (393).jpg,defect,1,D1,
defect/Defective (669).jpg,defect,1,D1,
defect/Defective (813).jpg,defect,1,D1,
defect/Defective (540).jpg,defect,1,D1,
defect/Defective (110).jpg,defect,1,D1,
defect/Defective (405).jpg,defect,1,D1,
defect/Defective (92).jpg,defect,1,D1,
defect/Defective (242).jpg,defect,1,D1,
defect/Defective (612).jpg,defect,1,D1,
defect/Defective (307).jpg,defect,1,D1,
defect/Defective (757).jpg,defect,1,D1,
defect/Defective (184).jpg,defect,1,D1,
defect/Defective (491).jpg,defect,1,D1,
defect/Defective (645).jpg,defect,1,D1,
defect/Defective (215).jpg,defect,1,D1,
defect/Defective (700).jpg,defect,1,D1,
defect/Defective (350).jpg,defect,1,D1,
defect/Defective (583).jpg,defect,1,D1,
defect/Defective (429).jpg,defect,1,D1,
defect/Defective (51).jpg,defect,1,D1,
defect/Defective (203).jpg,defect,1,D1,
defect/Defective (653).jpg,defect,1,D1,
defect/Defective (346).jpg,defect,1,D1,
defect/Defective (716).jpg,defect,1,D1,
defect/Defective (595).jpg,defect,1,D1,
defect/Defective (829).jpg,defect,1,D1,
defect/Defective (47).jpg,defect,1,D1,
defect/Defective (604).jpg,defect,1,D1,
defect/Defective (254).jpg,defect,1,D1,
defect/Defective (741).jpg,defect,1,D1,
defect/Defective (311).jpg,defect,1,D1,
defect/Defective (192).jpg,defect,1,D1,
defect/Defective (468).jpg,defect,1,D1,
defect/Defective (10).jpg,defect,1,D1,
defect/Defective (487).jpg,defect,1,D1,
